{
    "src/addons/Evil/HelpDocs/addon.json": "40d374984cc5edc96882c9450d9f264d83a9c6f5bee8d5c32b423e0d2512d3b2",
    "src/addons/Evil/HelpDocs/Admin/Controller/Rules.php": "feab15b81d4a630d5185c725cc77fb4a6331377ee07add7b210d82b4729ecf43",
    "src/addons/Evil/HelpDocs/Admin/Controller/RulesCategories.php": "ca726683e6d06a5b2b88dab1ba61e4c00b400c76d534fdaec1f6a632f7993912",
    "src/addons/Evil/HelpDocs/Admin/Controller/RulesSections.php": "c10599a5f0ebdaf5ce6970ef4effe1ac345a8c3f36b43d6fa18d01c54c5c7aa0",
    "src/addons/Evil/HelpDocs/Controller/Rules.php": "23d23420fb9f8d12b660ef58133f6fcadbac398f2de44b7a2163951e7c5d415d",
    "src/addons/Evil/HelpDocs/Entity/Rule.php": "93ce839d7313cc9e4ba49330637fcbc673087427044bbf13438791601e17e3e5",
    "src/addons/Evil/HelpDocs/Entity/RuleCategory.php": "d8f8ef2649901d253ed9e5509fd9439725ac800eadd5e39e5a600cd72734b75b",
    "src/addons/Evil/HelpDocs/Entity/RuleSection.php": "06878fbaf8ab5a0a956b2c2afd9ef97469ac320823cfc6eae34cf5f375122a00",
    "src/addons/Evil/HelpDocs/Listener.php": "8f9b53ea3ed580116418ab9a208e59ec73299db472f3d5551fce502e2c274aa3",
    "src/addons/Evil/HelpDocs/Setup.php": "a33efa77e49a254d186b8bfce314a4d9b0f44bc529bf9824195beab2d4d4f5e7",
    "src/addons/Evil/HelpDocs/_data/activity_summary_definitions.xml": "99d8c2563a31320d66f958fc8bda78613545f5f7959bb3cf5318805e3a3c39d2",
    "src/addons/Evil/HelpDocs/_data/admin_navigation.xml": "8675f566a7a0c42131e00273a51ca80a68764b35438dc537f2cc20a0e109078b",
    "src/addons/Evil/HelpDocs/_data/admin_permission.xml": "ec6fb97cebf0bceb24f1ed1d5778c1db54eeb7535fbb3e31d824840e7aa9ff87",
    "src/addons/Evil/HelpDocs/_data/advertising_positions.xml": "d2f7cbe844bb1df3cf878d22ff6306249245c8ff6b0b87b9b729744bec538261",
    "src/addons/Evil/HelpDocs/_data/api_scopes.xml": "6793eaf758f140e8137187ba20e65f4faccf53410433ae3ad7a8b3b38cb6b3b7",
    "src/addons/Evil/HelpDocs/_data/bb_codes.xml": "faa4ddd5f4a365e5ac39aebdcbe2d25aedf74e7eb9ea4a812766e2fd5e13bdb1",
    "src/addons/Evil/HelpDocs/_data/bb_code_media_sites.xml": "29762987990187b33e43cfb68c08dc917b2d3f0176613d78f8e6c453f82da3f3",
    "src/addons/Evil/HelpDocs/_data/class_extensions.xml": "1f548b8006e9952a3f5889f71e09fdfa6726ac1a47c1af7b2626d1a88920d5a4",
    "src/addons/Evil/HelpDocs/_data/code_events.xml": "8370dec3df47f91df4cf79da253446ad11b29f4ea568fe76c774e97a0379f0eb",
    "src/addons/Evil/HelpDocs/_data/code_event_listeners.xml": "d6b5072f4909dee7a20ee9e44b163f95c8aa52e6ac7f573e292000cd9238c331",
    "src/addons/Evil/HelpDocs/_data/content_type_fields.xml": "c7ad5472b28f465b7ac7617627707eba1b7a39d28089460d52e1ed292fc0b06a",
    "src/addons/Evil/HelpDocs/_data/cron.xml": "323c4284742ef24329cd6db6f288eb9736d2353f36852e1db12591e1583aea26",
    "src/addons/Evil/HelpDocs/_data/help_pages.xml": "a8a0c0b06cdc550438bc8a8d385af3e1e5ab3459877dfb934c1c31be59c89163",
    "src/addons/Evil/HelpDocs/_data/member_stats.xml": "89fb2b93ff1eca7a1f6f752248edf6090dfd24037db1446fd18ff7143f08124d",
    "src/addons/Evil/HelpDocs/_data/navigation.xml": "f75e1c03a45a360bbdfcd0567121665082315068475d5b0feb8b1acbb1688651",
    "src/addons/Evil/HelpDocs/_data/options.xml": "1cea29aa5671733d85c8fc6f7c66128eacbca5643cbb38585eb82002879b51a4",
    "src/addons/Evil/HelpDocs/_data/option_groups.xml": "154d7a89664b243d0bd8227c22e241f934bf7e196c83230ee23d3c0c4fba1333",
    "src/addons/Evil/HelpDocs/_data/permissions.xml": "7e4fc7d5826733d15ea2d8936b9bdd41afcaad810eb38e50da3c8d8eafda1550",
    "src/addons/Evil/HelpDocs/_data/permission_interface_groups.xml": "3177224e96458b829aa7fb24866dda9e0455a4922aee3d669b53f59a1ffdf5d1",
    "src/addons/Evil/HelpDocs/_data/phrases.xml": "8b22f719ebcaef0f7778ed2fb3ccce7a77adae1de81c87fb570d68f8044a6c13",
    "src/addons/Evil/HelpDocs/_data/routes.xml": "0fd9e2745f3e5e26737561b053993e2f768007c245e5e2c4301c22228ff2623a",
    "src/addons/Evil/HelpDocs/_data/style_properties.xml": "8b8690a8512f01f219dd2da76e3d0c5f62afc1f317b87794a7331c859c36a7a8",
    "src/addons/Evil/HelpDocs/_data/style_property_groups.xml": "68e1879cb3846c42d978487aa8d5145ff3335fc39e58016878824d5cf3fd684c",
    "src/addons/Evil/HelpDocs/_data/templates.xml": "2e08d59627fa6881171dd91dd01ec84a6d63e6afaf20b9147524194f58375fad",
    "src/addons/Evil/HelpDocs/_data/template_modifications.xml": "3b54b7df00a6a4a18c5e012b6e2588e35c23aaa13a5fc227f08646a97590d778",
    "src/addons/Evil/HelpDocs/_data/widget_definitions.xml": "37e46965256430f24004c2e7f08ba08f9b0d1cbcc4d70e84b3f4e3ffb713e64b",
    "src/addons/Evil/HelpDocs/_data/widget_positions.xml": "a29cee66134f6bc5d75ed9df1eef21096c24401915c5b5c774389c3d7bb2d5b3"
}